{"iter_number":4151,"_timestamp":1.7624268266531322e+09,"_wandb":{"runtime":19131},"_runtime":19131.850297346,"_step":4151,"each_iter_loss":488.52874755859375,"avg_iter_loss":488.52874755859375}