{"_timestamp":1.762484976765402e+09,"_step":10811,"_wandb":{"runtime":32495},"_runtime":32495.398772536,"each_iter_loss":414.34222412109375,"avg_iter_loss":414.34222412109375,"iter_number":10811}