{"_wandb":{"runtime":43},"_runtime":43.029672391,"each_iter_loss":486.96575927734375,"avg_iter_loss":486.96575927734375,"iter_number":4191,"_timestamp":1.7624511606360517e+09,"_step":4191}